device_id,timestamp,air_quality,particle_count
CleanMonitor_4,2024-12-01T14:06:28.464185,Poor,79
CleanMonitor_1,2024-12-01T14:06:28.464195,Poor,54
CleanMonitor_4,2024-12-01T14:06:28.464200,Good,74
CleanMonitor_4,2024-12-01T14:06:28.464205,Moderate,37
CleanMonitor_1,2024-12-01T14:06:28.464210,Good,44
CleanMonitor_1,2024-12-01T14:06:28.464215,Poor,37
CleanMonitor_4,2024-12-01T14:06:28.464219,Poor,42
CleanMonitor_5,2024-12-01T14:06:28.464224,Good,5
CleanMonitor_2,2024-12-01T14:06:28.464229,Moderate,27
CleanMonitor_1,2024-12-01T14:06:28.464234,Poor,90
CleanMonitor_2,2024-12-01T14:06:28.464238,Good,43
CleanMonitor_4,2024-12-01T14:06:28.464243,Poor,15
CleanMonitor_2,2024-12-01T14:06:28.464248,Poor,67
CleanMonitor_1,2024-12-01T14:06:28.464252,Moderate,31
CleanMonitor_1,2024-12-01T14:06:28.464257,Good,37
CleanMonitor_4,2024-12-01T14:06:28.464261,Good,13
CleanMonitor_2,2024-12-01T14:06:28.464266,Good,91
CleanMonitor_5,2024-12-01T14:06:28.464271,Poor,0
CleanMonitor_3,2024-12-01T14:06:28.464275,Good,53
CleanMonitor_2,2024-12-01T14:06:28.464280,Poor,21
CleanMonitor_5,2024-12-01T14:06:28.464284,Good,15
CleanMonitor_4,2024-12-01T14:06:28.464289,Moderate,73
CleanMonitor_1,2024-12-01T14:06:28.464293,Moderate,24
CleanMonitor_3,2024-12-01T14:06:28.464298,Moderate,54
CleanMonitor_1,2024-12-01T14:06:28.464303,Poor,54
CleanMonitor_2,2024-12-01T14:06:28.464329,Good,54
CleanMonitor_3,2024-12-01T14:06:28.464337,Poor,28
CleanMonitor_4,2024-12-01T14:06:28.464344,Poor,29
CleanMonitor_5,2024-12-01T14:06:28.464353,Good,67
CleanMonitor_1,2024-12-01T14:06:28.464359,Moderate,50
CleanMonitor_2,2024-12-01T14:06:28.464366,Good,99
CleanMonitor_2,2024-12-01T14:06:28.464372,Poor,88
CleanMonitor_5,2024-12-01T14:06:28.464379,Good,43
CleanMonitor_2,2024-12-01T14:06:28.464386,Poor,7
CleanMonitor_2,2024-12-01T14:06:28.464394,Good,41
CleanMonitor_1,2024-12-01T14:06:28.464402,Poor,89
CleanMonitor_2,2024-12-01T14:06:28.464408,Poor,48
CleanMonitor_3,2024-12-01T14:06:28.464413,Moderate,19
CleanMonitor_5,2024-12-01T14:06:28.464419,Moderate,28
CleanMonitor_5,2024-12-01T14:06:28.464423,Good,48
CleanMonitor_2,2024-12-01T14:06:28.464428,Good,79
CleanMonitor_2,2024-12-01T14:06:28.464433,Poor,31
CleanMonitor_2,2024-12-01T14:06:28.464437,Moderate,24
CleanMonitor_3,2024-12-01T14:06:28.464441,Poor,32
CleanMonitor_3,2024-12-01T14:06:28.464446,Poor,68
CleanMonitor_3,2024-12-01T14:06:28.464450,Good,66
CleanMonitor_2,2024-12-01T14:06:28.464455,Moderate,39
CleanMonitor_4,2024-12-01T14:06:28.464459,Moderate,75
CleanMonitor_5,2024-12-01T14:06:28.464463,Moderate,75
CleanMonitor_3,2024-12-01T14:06:28.464468,Poor,85
CleanMonitor_3,2024-12-01T14:06:28.464472,Moderate,30
CleanMonitor_5,2024-12-01T14:06:28.464477,Poor,30
CleanMonitor_5,2024-12-01T14:06:28.464481,Poor,45
CleanMonitor_2,2024-12-01T14:06:28.464486,Good,61
CleanMonitor_2,2024-12-01T14:06:28.464491,Poor,13
CleanMonitor_3,2024-12-01T14:06:28.464495,Poor,21
CleanMonitor_1,2024-12-01T14:06:28.464500,Poor,39
CleanMonitor_5,2024-12-01T14:06:28.464505,Good,77
CleanMonitor_5,2024-12-01T14:06:28.464511,Poor,11
CleanMonitor_4,2024-12-01T14:06:28.464515,Poor,91
CleanMonitor_3,2024-12-01T14:06:28.464520,Moderate,66
CleanMonitor_1,2024-12-01T14:06:28.464525,Moderate,7
CleanMonitor_5,2024-12-01T14:06:28.464529,Moderate,0
CleanMonitor_2,2024-12-01T14:06:28.464534,Poor,37
CleanMonitor_4,2024-12-01T14:06:28.464539,Good,96
CleanMonitor_2,2024-12-01T14:06:28.464544,Moderate,33
CleanMonitor_5,2024-12-01T14:06:28.464548,Poor,15
CleanMonitor_3,2024-12-01T14:06:28.464552,Good,25
CleanMonitor_1,2024-12-01T14:06:28.464557,Moderate,5
CleanMonitor_5,2024-12-01T14:06:28.464561,Good,16
CleanMonitor_5,2024-12-01T14:06:28.464566,Moderate,26
CleanMonitor_1,2024-12-01T14:06:28.464570,Poor,89
CleanMonitor_5,2024-12-01T14:06:28.464575,Good,100
CleanMonitor_1,2024-12-01T14:06:28.464579,Moderate,89
CleanMonitor_4,2024-12-01T14:06:28.464583,Moderate,25
CleanMonitor_1,2024-12-01T14:06:28.464588,Good,42
CleanMonitor_2,2024-12-01T14:06:28.464592,Moderate,90
CleanMonitor_5,2024-12-01T14:06:28.464597,Moderate,35
CleanMonitor_1,2024-12-01T14:06:28.464602,Poor,62
CleanMonitor_3,2024-12-01T14:06:28.464606,Moderate,65
CleanMonitor_1,2024-12-01T14:06:28.464617,Moderate,27
CleanMonitor_5,2024-12-01T14:06:28.464621,Moderate,90
CleanMonitor_1,2024-12-01T14:06:28.464625,Poor,17
CleanMonitor_4,2024-12-01T14:06:28.464630,Moderate,0
CleanMonitor_3,2024-12-01T14:06:28.464635,Moderate,96
CleanMonitor_4,2024-12-01T14:06:28.464639,Poor,32
CleanMonitor_1,2024-12-01T14:06:28.464644,Good,50
CleanMonitor_3,2024-12-01T14:06:28.464648,Moderate,18
CleanMonitor_2,2024-12-01T14:06:28.464653,Poor,94
CleanMonitor_1,2024-12-01T14:06:28.464657,Moderate,58
CleanMonitor_3,2024-12-01T14:06:28.464662,Good,79
CleanMonitor_1,2024-12-01T14:06:28.464666,Moderate,15
CleanMonitor_2,2024-12-01T14:06:28.464671,Moderate,44
CleanMonitor_5,2024-12-01T14:06:28.464676,Moderate,27
CleanMonitor_2,2024-12-01T14:06:28.464680,Good,27
CleanMonitor_5,2024-12-01T14:06:28.464689,Poor,75
CleanMonitor_2,2024-12-01T14:06:28.464693,Moderate,60
CleanMonitor_2,2024-12-01T14:06:28.464698,Moderate,0
CleanMonitor_4,2024-12-01T14:06:28.464702,Good,42
CleanMonitor_1,2024-12-01T14:06:28.464707,Moderate,74
CleanMonitor_4,2024-12-01T14:06:28.464711,Good,77
CleanMonitor_2,2024-12-01T14:06:28.464716,Poor,31
CleanMonitor_1,2024-12-01T14:06:28.464720,Moderate,42
CleanMonitor_3,2024-12-01T14:06:28.464725,Poor,44
CleanMonitor_4,2024-12-01T14:06:28.464729,Moderate,88
CleanMonitor_2,2024-12-01T14:06:28.464733,Moderate,71
CleanMonitor_1,2024-12-01T14:06:28.464738,Poor,37
CleanMonitor_2,2024-12-01T14:06:28.464744,Moderate,32
CleanMonitor_4,2024-12-01T14:06:28.464748,Good,69
CleanMonitor_4,2024-12-01T14:06:28.464754,Good,13
CleanMonitor_3,2024-12-01T14:06:28.464758,Poor,84
CleanMonitor_2,2024-12-01T14:06:28.464763,Moderate,49
CleanMonitor_1,2024-12-01T14:06:28.464767,Good,78
CleanMonitor_3,2024-12-01T14:06:28.464772,Poor,37
CleanMonitor_2,2024-12-01T14:06:28.464776,Moderate,5
CleanMonitor_2,2024-12-01T14:06:28.464780,Poor,73
CleanMonitor_1,2024-12-01T14:06:28.464785,Poor,38
CleanMonitor_3,2024-12-01T14:06:28.464789,Poor,38
CleanMonitor_5,2024-12-01T14:06:28.464794,Good,19
CleanMonitor_2,2024-12-01T14:06:28.464798,Moderate,34
CleanMonitor_1,2024-12-01T14:06:28.464803,Poor,22
CleanMonitor_3,2024-12-01T14:06:28.464807,Moderate,25
CleanMonitor_1,2024-12-01T14:06:28.464812,Moderate,16
CleanMonitor_2,2024-12-01T14:06:28.464817,Good,42
CleanMonitor_4,2024-12-01T14:06:28.464821,Poor,34
CleanMonitor_5,2024-12-01T14:06:28.464826,Poor,33
CleanMonitor_2,2024-12-01T14:06:28.464830,Poor,85
CleanMonitor_1,2024-12-01T14:06:28.464835,Moderate,45
CleanMonitor_1,2024-12-01T14:06:28.464839,Good,13
CleanMonitor_2,2024-12-01T14:06:28.464844,Good,26
CleanMonitor_1,2024-12-01T14:06:28.464849,Good,53
CleanMonitor_5,2024-12-01T14:06:28.464853,Good,92
CleanMonitor_5,2024-12-01T14:06:28.464858,Good,22
CleanMonitor_1,2024-12-01T14:06:28.464862,Good,74
CleanMonitor_5,2024-12-01T14:06:28.464866,Moderate,85
CleanMonitor_3,2024-12-01T14:06:28.464871,Poor,63
CleanMonitor_5,2024-12-01T14:06:28.464875,Moderate,8
CleanMonitor_5,2024-12-01T14:06:28.464880,Moderate,13
CleanMonitor_3,2024-12-01T14:06:28.464884,Poor,23
CleanMonitor_2,2024-12-01T14:06:28.464888,Moderate,22
CleanMonitor_3,2024-12-01T14:06:28.464893,Moderate,50
CleanMonitor_3,2024-12-01T14:06:28.464897,Moderate,6
CleanMonitor_4,2024-12-01T14:06:28.464901,Moderate,32
CleanMonitor_3,2024-12-01T14:06:28.464906,Moderate,23
CleanMonitor_1,2024-12-01T14:06:28.464910,Poor,33
CleanMonitor_4,2024-12-01T14:06:28.464915,Moderate,50
CleanMonitor_3,2024-12-01T14:06:28.464919,Good,80
CleanMonitor_2,2024-12-01T14:06:28.464923,Moderate,88
CleanMonitor_4,2024-12-01T14:06:28.464928,Poor,58
CleanMonitor_4,2024-12-01T14:06:28.464933,Poor,13
CleanMonitor_4,2024-12-01T14:06:28.464937,Poor,2
CleanMonitor_5,2024-12-01T14:06:28.464942,Poor,20
CleanMonitor_1,2024-12-01T14:06:28.464947,Poor,47
CleanMonitor_1,2024-12-01T14:06:28.464951,Moderate,7
CleanMonitor_4,2024-12-01T14:06:28.464956,Moderate,28
CleanMonitor_4,2024-12-01T14:06:28.464960,Poor,37
CleanMonitor_1,2024-12-01T14:06:28.464965,Moderate,63
CleanMonitor_1,2024-12-01T14:06:28.464969,Poor,7
CleanMonitor_4,2024-12-01T14:06:28.464974,Poor,79
CleanMonitor_4,2024-12-01T14:06:28.464979,Poor,95
CleanMonitor_4,2024-12-01T14:06:28.464983,Good,64
CleanMonitor_3,2024-12-01T14:06:28.464988,Good,50
CleanMonitor_2,2024-12-01T14:06:28.464992,Good,29
CleanMonitor_3,2024-12-01T14:06:28.464997,Good,53
CleanMonitor_5,2024-12-01T14:06:28.465001,Moderate,41
CleanMonitor_4,2024-12-01T14:06:28.465006,Good,37
CleanMonitor_4,2024-12-01T14:06:28.465011,Good,10
CleanMonitor_3,2024-12-01T14:06:28.465015,Poor,82
CleanMonitor_1,2024-12-01T14:06:28.465020,Moderate,76
CleanMonitor_5,2024-12-01T14:06:28.465024,Poor,76
CleanMonitor_2,2024-12-01T14:06:28.465029,Moderate,29
CleanMonitor_3,2024-12-01T14:06:28.465033,Moderate,15
CleanMonitor_1,2024-12-01T14:06:28.465037,Moderate,48
CleanMonitor_2,2024-12-01T14:06:28.465042,Moderate,39
CleanMonitor_3,2024-12-01T14:06:28.465047,Moderate,2
CleanMonitor_2,2024-12-01T14:06:28.465051,Moderate,9
CleanMonitor_2,2024-12-01T14:06:28.465055,Good,66
CleanMonitor_3,2024-12-01T14:06:28.465060,Moderate,7
CleanMonitor_5,2024-12-01T14:06:28.465065,Poor,64
CleanMonitor_3,2024-12-01T14:06:28.465069,Moderate,82
CleanMonitor_4,2024-12-01T14:06:28.465073,Moderate,48
CleanMonitor_5,2024-12-01T14:06:28.465078,Good,18
CleanMonitor_1,2024-12-01T14:06:28.465083,Good,62
CleanMonitor_4,2024-12-01T14:06:28.465087,Poor,66
CleanMonitor_3,2024-12-01T14:06:28.465092,Good,41
CleanMonitor_3,2024-12-01T14:06:28.465097,Moderate,15
CleanMonitor_2,2024-12-01T14:06:28.465101,Poor,73
CleanMonitor_5,2024-12-01T14:06:28.465106,Moderate,14
CleanMonitor_2,2024-12-01T14:06:28.465110,Poor,88
CleanMonitor_4,2024-12-01T14:06:28.465114,Good,25
CleanMonitor_2,2024-12-01T14:06:28.465119,Good,31
CleanMonitor_4,2024-12-01T14:06:28.465123,Moderate,28
CleanMonitor_5,2024-12-01T14:06:28.465128,Moderate,78
CleanMonitor_3,2024-12-01T14:06:28.465132,Poor,57
CleanMonitor_1,2024-12-01T14:06:28.465136,Moderate,72
CleanMonitor_5,2024-12-01T14:06:28.465141,Poor,98
CleanMonitor_3,2024-12-01T14:06:28.465145,Poor,6
CleanMonitor_3,2024-12-01T14:06:28.465150,Poor,84
CleanMonitor_4,2024-12-01T14:06:28.465154,Poor,57
CleanMonitor_5,2024-12-01T14:06:28.465159,Poor,58
CleanMonitor_3,2024-12-01T14:06:28.465163,Good,81
CleanMonitor_3,2024-12-01T14:06:28.465168,Moderate,18
CleanMonitor_4,2024-12-01T14:06:28.465173,Moderate,74
CleanMonitor_3,2024-12-01T14:06:28.465177,Moderate,35
CleanMonitor_5,2024-12-01T14:06:28.465181,Good,93
CleanMonitor_5,2024-12-01T14:06:28.465186,Good,6
CleanMonitor_2,2024-12-01T14:06:28.465190,Moderate,20
CleanMonitor_3,2024-12-01T14:06:28.465196,Poor,90
CleanMonitor_4,2024-12-01T14:06:28.465201,Moderate,47
CleanMonitor_1,2024-12-01T14:06:28.465205,Poor,64
CleanMonitor_5,2024-12-01T14:06:28.465210,Good,48
CleanMonitor_1,2024-12-01T14:06:28.465214,Poor,89
CleanMonitor_1,2024-12-01T14:06:28.465219,Good,52
CleanMonitor_3,2024-12-01T14:06:28.465223,Good,17
CleanMonitor_4,2024-12-01T14:06:28.465228,Good,95
CleanMonitor_5,2024-12-01T14:06:28.465232,Poor,44
CleanMonitor_5,2024-12-01T14:06:28.465237,Moderate,2
CleanMonitor_2,2024-12-01T14:06:28.465241,Poor,96
CleanMonitor_1,2024-12-01T14:06:28.465246,Good,40
CleanMonitor_4,2024-12-01T14:06:28.465250,Poor,2
CleanMonitor_2,2024-12-01T14:06:28.465255,Good,97
CleanMonitor_1,2024-12-01T14:06:28.465259,Poor,24
CleanMonitor_2,2024-12-01T14:06:28.465264,Poor,10
CleanMonitor_2,2024-12-01T14:06:28.465269,Poor,50
CleanMonitor_4,2024-12-01T14:06:28.465273,Poor,50
CleanMonitor_4,2024-12-01T14:06:28.465278,Poor,85
CleanMonitor_1,2024-12-01T14:06:28.465282,Poor,77
CleanMonitor_1,2024-12-01T14:06:28.465286,Moderate,38
CleanMonitor_3,2024-12-01T14:06:28.465291,Moderate,95
CleanMonitor_2,2024-12-01T14:06:28.465295,Moderate,97
CleanMonitor_1,2024-12-01T14:06:28.465299,Good,95
CleanMonitor_2,2024-12-01T14:06:28.465304,Moderate,33
CleanMonitor_1,2024-12-01T14:06:28.465318,Poor,43
CleanMonitor_2,2024-12-01T14:06:28.465323,Poor,8
CleanMonitor_2,2024-12-01T14:06:28.465328,Poor,76
CleanMonitor_5,2024-12-01T14:06:28.465332,Good,45
CleanMonitor_4,2024-12-01T14:06:28.465336,Good,38
CleanMonitor_4,2024-12-01T14:06:28.465341,Good,90
CleanMonitor_5,2024-12-01T14:06:28.465345,Good,27
CleanMonitor_5,2024-12-01T14:06:28.465350,Poor,80
CleanMonitor_3,2024-12-01T14:06:28.465354,Good,75
CleanMonitor_2,2024-12-01T14:06:28.465359,Good,77
CleanMonitor_4,2024-12-01T14:06:28.465363,Poor,88
CleanMonitor_1,2024-12-01T14:06:28.465368,Good,56
CleanMonitor_4,2024-12-01T14:06:28.465372,Moderate,2
CleanMonitor_1,2024-12-01T14:06:28.465377,Moderate,10
CleanMonitor_2,2024-12-01T14:06:28.465381,Poor,83
CleanMonitor_4,2024-12-01T14:06:28.465386,Good,62
CleanMonitor_1,2024-12-01T14:06:28.465390,Good,37
CleanMonitor_3,2024-12-01T14:06:28.465395,Good,90
CleanMonitor_3,2024-12-01T14:06:28.465399,Poor,16
CleanMonitor_3,2024-12-01T14:06:28.465404,Good,0
CleanMonitor_3,2024-12-01T14:06:28.465408,Moderate,24
CleanMonitor_4,2024-12-01T14:06:28.465413,Moderate,62
CleanMonitor_3,2024-12-01T14:06:28.465417,Moderate,10
CleanMonitor_5,2024-12-01T14:06:28.465422,Good,62
CleanMonitor_4,2024-12-01T14:06:28.465426,Moderate,4
CleanMonitor_2,2024-12-01T14:06:28.465432,Moderate,53
CleanMonitor_5,2024-12-01T14:06:28.465436,Moderate,61
CleanMonitor_4,2024-12-01T14:06:28.465441,Good,16
CleanMonitor_5,2024-12-01T14:06:28.465446,Good,26
CleanMonitor_3,2024-12-01T14:06:28.465451,Moderate,11
CleanMonitor_3,2024-12-01T14:06:28.465455,Moderate,58
CleanMonitor_5,2024-12-01T14:06:28.465460,Moderate,26
CleanMonitor_5,2024-12-01T14:06:28.465464,Good,64
CleanMonitor_4,2024-12-01T14:06:28.465469,Moderate,48
CleanMonitor_4,2024-12-01T14:06:28.465473,Moderate,47
CleanMonitor_4,2024-12-01T14:06:28.465478,Good,100
CleanMonitor_2,2024-12-01T14:06:28.465482,Good,94
CleanMonitor_2,2024-12-01T14:06:28.465487,Poor,49
CleanMonitor_3,2024-12-01T14:06:28.465492,Moderate,40
CleanMonitor_5,2024-12-01T14:06:28.465496,Poor,12
CleanMonitor_1,2024-12-01T14:06:28.465501,Poor,31
CleanMonitor_5,2024-12-01T14:06:28.465505,Moderate,72
CleanMonitor_4,2024-12-01T14:06:28.465510,Moderate,87
CleanMonitor_1,2024-12-01T14:06:28.465514,Poor,98
CleanMonitor_1,2024-12-01T14:06:28.465519,Poor,13
CleanMonitor_2,2024-12-01T14:06:28.465523,Moderate,88
CleanMonitor_1,2024-12-01T14:06:28.465528,Poor,92
CleanMonitor_4,2024-12-01T14:06:28.465533,Good,32
CleanMonitor_2,2024-12-01T14:06:28.465537,Poor,25
CleanMonitor_2,2024-12-01T14:06:28.465542,Poor,86
CleanMonitor_5,2024-12-01T14:06:28.465546,Moderate,51
CleanMonitor_2,2024-12-01T14:06:28.465550,Moderate,72
CleanMonitor_5,2024-12-01T14:06:28.465556,Poor,41
CleanMonitor_1,2024-12-01T14:06:28.465560,Moderate,87
CleanMonitor_1,2024-12-01T14:06:28.465565,Poor,27
CleanMonitor_5,2024-12-01T14:06:28.465570,Moderate,18
CleanMonitor_5,2024-12-01T14:06:28.465574,Poor,78
CleanMonitor_1,2024-12-01T14:06:28.465579,Poor,34
CleanMonitor_5,2024-12-01T14:06:28.465584,Good,58
CleanMonitor_3,2024-12-01T14:06:28.465588,Poor,94
CleanMonitor_3,2024-12-01T14:06:28.465593,Poor,29
CleanMonitor_4,2024-12-01T14:06:28.465598,Moderate,4
CleanMonitor_2,2024-12-01T14:06:28.465602,Moderate,12
CleanMonitor_3,2024-12-01T14:06:28.465607,Poor,0
CleanMonitor_4,2024-12-01T14:06:28.465616,Poor,42
CleanMonitor_5,2024-12-01T14:06:28.465621,Moderate,68
CleanMonitor_5,2024-12-01T14:06:28.465625,Poor,54
CleanMonitor_4,2024-12-01T14:06:28.465630,Poor,53
CleanMonitor_1,2024-12-01T14:06:28.465634,Good,99
CleanMonitor_4,2024-12-01T14:06:28.465639,Good,41
CleanMonitor_5,2024-12-01T14:06:28.465643,Good,79
CleanMonitor_3,2024-12-01T14:06:28.465648,Good,95
CleanMonitor_1,2024-12-01T14:06:28.465652,Good,19
CleanMonitor_2,2024-12-01T14:06:28.465657,Moderate,6
CleanMonitor_3,2024-12-01T14:06:28.465662,Good,32
CleanMonitor_5,2024-12-01T14:06:28.465666,Good,4
CleanMonitor_5,2024-12-01T14:06:28.465671,Good,29
CleanMonitor_2,2024-12-01T14:06:28.465676,Moderate,0
CleanMonitor_3,2024-12-01T14:06:28.465680,Good,21
CleanMonitor_4,2024-12-01T14:06:28.465687,Good,60
CleanMonitor_1,2024-12-01T14:06:28.465691,Good,8
CleanMonitor_2,2024-12-01T14:06:28.465696,Good,26
CleanMonitor_5,2024-12-01T14:06:28.465701,Poor,30
CleanMonitor_2,2024-12-01T14:06:28.465706,Good,1
CleanMonitor_3,2024-12-01T14:06:28.465711,Good,30
CleanMonitor_1,2024-12-01T14:06:28.465715,Moderate,92
CleanMonitor_2,2024-12-01T14:06:28.465720,Moderate,37
CleanMonitor_4,2024-12-01T14:06:28.465724,Good,79
CleanMonitor_3,2024-12-01T14:06:28.465729,Poor,24
CleanMonitor_1,2024-12-01T14:06:28.465734,Moderate,55
CleanMonitor_2,2024-12-01T14:06:28.465738,Moderate,48
CleanMonitor_5,2024-12-01T14:06:28.465742,Poor,83
CleanMonitor_2,2024-12-01T14:06:28.465747,Moderate,40
CleanMonitor_4,2024-12-01T14:06:28.465752,Moderate,39
CleanMonitor_5,2024-12-01T14:06:28.465756,Good,32
CleanMonitor_1,2024-12-01T14:06:28.465761,Good,85
CleanMonitor_2,2024-12-01T14:06:28.465765,Poor,85
CleanMonitor_5,2024-12-01T14:06:28.465770,Good,98
CleanMonitor_2,2024-12-01T14:06:28.465774,Moderate,18
CleanMonitor_5,2024-12-01T14:06:28.465779,Good,83
CleanMonitor_2,2024-12-01T14:06:28.465784,Moderate,11
CleanMonitor_5,2024-12-01T14:06:28.465788,Poor,18
CleanMonitor_1,2024-12-01T14:06:28.465793,Poor,70
CleanMonitor_1,2024-12-01T14:06:28.465797,Good,33
CleanMonitor_1,2024-12-01T14:06:28.465802,Poor,36
CleanMonitor_5,2024-12-01T14:06:28.465807,Poor,62
CleanMonitor_1,2024-12-01T14:06:28.465811,Good,6
CleanMonitor_1,2024-12-01T14:06:28.465816,Good,94
CleanMonitor_3,2024-12-01T14:06:28.465820,Good,67
CleanMonitor_2,2024-12-01T14:06:28.465825,Poor,39
CleanMonitor_3,2024-12-01T14:06:28.465829,Moderate,57
CleanMonitor_2,2024-12-01T14:06:28.465834,Poor,80
CleanMonitor_5,2024-12-01T14:06:28.465839,Good,49
CleanMonitor_3,2024-12-01T14:06:28.465844,Poor,11
CleanMonitor_5,2024-12-01T14:06:28.465848,Moderate,58
CleanMonitor_3,2024-12-01T14:06:28.465852,Good,90
CleanMonitor_5,2024-12-01T14:06:28.465857,Moderate,0
CleanMonitor_1,2024-12-01T14:06:28.465862,Moderate,35
CleanMonitor_2,2024-12-01T14:06:28.465866,Poor,45
CleanMonitor_3,2024-12-01T14:06:28.465871,Good,35
CleanMonitor_4,2024-12-01T14:06:28.465875,Poor,98
CleanMonitor_5,2024-12-01T14:06:28.465880,Moderate,2
CleanMonitor_3,2024-12-01T14:06:28.465884,Poor,77
CleanMonitor_1,2024-12-01T14:06:28.465889,Poor,75
CleanMonitor_5,2024-12-01T14:06:28.465894,Poor,64
CleanMonitor_1,2024-12-01T14:06:28.465898,Good,99
CleanMonitor_3,2024-12-01T14:06:28.465903,Poor,97
CleanMonitor_2,2024-12-01T14:06:28.465907,Moderate,0
CleanMonitor_2,2024-12-01T14:06:28.465912,Moderate,42
CleanMonitor_1,2024-12-01T14:06:28.465918,Moderate,92
CleanMonitor_3,2024-12-01T14:06:28.465922,Good,63
CleanMonitor_2,2024-12-01T14:06:28.465927,Poor,55
CleanMonitor_5,2024-12-01T14:06:28.465931,Moderate,45
CleanMonitor_5,2024-12-01T14:06:28.465936,Good,3
CleanMonitor_5,2024-12-01T14:06:28.465940,Moderate,50
CleanMonitor_5,2024-12-01T14:06:28.465945,Good,74
CleanMonitor_2,2024-12-01T14:06:28.465949,Moderate,68
CleanMonitor_4,2024-12-01T14:06:28.465954,Poor,43
CleanMonitor_3,2024-12-01T14:06:28.465958,Moderate,31
CleanMonitor_3,2024-12-01T14:06:28.465963,Poor,87
CleanMonitor_1,2024-12-01T14:06:28.465968,Moderate,91
CleanMonitor_2,2024-12-01T14:06:28.465972,Good,21
CleanMonitor_3,2024-12-01T14:06:28.465977,Moderate,0
CleanMonitor_2,2024-12-01T14:06:28.465981,Moderate,22
CleanMonitor_1,2024-12-01T14:06:28.465986,Good,39
CleanMonitor_5,2024-12-01T14:06:28.465990,Moderate,87
CleanMonitor_3,2024-12-01T14:06:28.465995,Poor,82
CleanMonitor_3,2024-12-01T14:06:28.466000,Good,24
CleanMonitor_2,2024-12-01T14:06:28.466004,Moderate,63
CleanMonitor_3,2024-12-01T14:06:28.466009,Poor,59
CleanMonitor_2,2024-12-01T14:06:28.466013,Poor,63
CleanMonitor_1,2024-12-01T14:06:28.466018,Moderate,1
CleanMonitor_4,2024-12-01T14:06:28.466022,Poor,80
CleanMonitor_3,2024-12-01T14:06:28.466027,Moderate,33
CleanMonitor_4,2024-12-01T14:06:28.466031,Poor,8
CleanMonitor_5,2024-12-01T14:06:28.466036,Poor,23
CleanMonitor_4,2024-12-01T14:06:28.466040,Moderate,6
CleanMonitor_1,2024-12-01T14:06:28.466045,Poor,66
CleanMonitor_3,2024-12-01T14:06:28.466049,Moderate,97
CleanMonitor_4,2024-12-01T14:06:28.466054,Good,81
CleanMonitor_1,2024-12-01T14:06:28.466059,Moderate,56
CleanMonitor_4,2024-12-01T14:06:28.466063,Poor,90
CleanMonitor_1,2024-12-01T14:06:28.466068,Good,48
CleanMonitor_3,2024-12-01T14:06:28.466072,Moderate,24
CleanMonitor_3,2024-12-01T14:06:28.466077,Good,37
CleanMonitor_5,2024-12-01T14:06:28.466081,Good,22
CleanMonitor_5,2024-12-01T14:06:28.466086,Poor,20
CleanMonitor_1,2024-12-01T14:06:28.466090,Moderate,94
CleanMonitor_4,2024-12-01T14:06:28.466095,Poor,94
CleanMonitor_5,2024-12-01T14:06:28.466099,Poor,60
CleanMonitor_2,2024-12-01T14:06:28.466104,Good,46
CleanMonitor_4,2024-12-01T14:06:28.466109,Good,3
CleanMonitor_2,2024-12-01T14:06:28.466113,Good,1
CleanMonitor_3,2024-12-01T14:06:28.466118,Poor,21
CleanMonitor_3,2024-12-01T14:06:28.466123,Good,51
CleanMonitor_5,2024-12-01T14:06:28.466128,Moderate,31
CleanMonitor_1,2024-12-01T14:06:28.466132,Moderate,43
CleanMonitor_1,2024-12-01T14:06:28.466136,Poor,99
CleanMonitor_3,2024-12-01T14:06:28.466141,Good,11
CleanMonitor_1,2024-12-01T14:06:28.466145,Good,34
CleanMonitor_1,2024-12-01T14:06:28.466150,Moderate,72
CleanMonitor_1,2024-12-01T14:06:28.466155,Poor,75
CleanMonitor_4,2024-12-01T14:06:28.466159,Moderate,51
CleanMonitor_5,2024-12-01T14:06:28.466164,Moderate,66
CleanMonitor_3,2024-12-01T14:06:28.466168,Moderate,95
CleanMonitor_3,2024-12-01T14:06:28.466173,Moderate,70
CleanMonitor_1,2024-12-01T14:06:28.466177,Poor,80
CleanMonitor_3,2024-12-01T14:06:28.466182,Good,45
CleanMonitor_1,2024-12-01T14:06:28.466186,Moderate,100
CleanMonitor_2,2024-12-01T14:06:28.466191,Good,3
CleanMonitor_4,2024-12-01T14:06:28.466195,Good,95
CleanMonitor_2,2024-12-01T14:06:28.466200,Good,1
CleanMonitor_4,2024-12-01T14:06:28.466204,Moderate,12
CleanMonitor_5,2024-12-01T14:06:28.466209,Moderate,81
CleanMonitor_5,2024-12-01T14:06:28.466213,Poor,8
CleanMonitor_3,2024-12-01T14:06:28.466218,Moderate,4
CleanMonitor_4,2024-12-01T14:06:28.466223,Moderate,24
CleanMonitor_3,2024-12-01T14:06:28.466227,Good,35
CleanMonitor_3,2024-12-01T14:06:28.466232,Poor,11
CleanMonitor_1,2024-12-01T14:06:28.466236,Good,86
CleanMonitor_1,2024-12-01T14:06:28.466241,Good,94
CleanMonitor_4,2024-12-01T14:06:28.466246,Moderate,33
CleanMonitor_2,2024-12-01T14:06:28.466250,Poor,43
CleanMonitor_5,2024-12-01T14:06:28.466255,Moderate,85
CleanMonitor_2,2024-12-01T14:06:28.466260,Moderate,3
CleanMonitor_4,2024-12-01T14:06:28.466264,Moderate,18
CleanMonitor_2,2024-12-01T14:06:28.466269,Good,75
CleanMonitor_1,2024-12-01T14:06:28.466274,Moderate,90
CleanMonitor_1,2024-12-01T14:06:28.466279,Good,40
CleanMonitor_4,2024-12-01T14:06:28.466283,Poor,82
CleanMonitor_1,2024-12-01T14:06:28.466287,Moderate,47
CleanMonitor_4,2024-12-01T14:06:28.466292,Poor,26
CleanMonitor_3,2024-12-01T14:06:28.466296,Moderate,66
CleanMonitor_2,2024-12-01T14:06:28.466301,Poor,73
CleanMonitor_1,2024-12-01T14:06:28.466317,Poor,80
CleanMonitor_2,2024-12-01T14:06:28.466322,Moderate,11
CleanMonitor_2,2024-12-01T14:06:28.466327,Good,85
CleanMonitor_1,2024-12-01T14:06:28.466332,Good,55
CleanMonitor_1,2024-12-01T14:06:28.466336,Good,70
CleanMonitor_1,2024-12-01T14:06:28.466341,Good,82
CleanMonitor_5,2024-12-01T14:06:28.466346,Poor,53
CleanMonitor_4,2024-12-01T14:06:28.466351,Poor,7
CleanMonitor_5,2024-12-01T14:06:28.466355,Poor,5
CleanMonitor_4,2024-12-01T14:06:28.466360,Poor,61
CleanMonitor_1,2024-12-01T14:06:28.466364,Moderate,16
CleanMonitor_3,2024-12-01T14:06:28.466370,Moderate,55
CleanMonitor_4,2024-12-01T14:06:28.466374,Good,83
CleanMonitor_1,2024-12-01T14:06:28.466379,Moderate,90
CleanMonitor_2,2024-12-01T14:06:28.466383,Poor,54
CleanMonitor_3,2024-12-01T14:06:28.466388,Moderate,59
CleanMonitor_5,2024-12-01T14:06:28.466392,Moderate,9
CleanMonitor_5,2024-12-01T14:06:28.466397,Poor,40
CleanMonitor_2,2024-12-01T14:06:28.466402,Good,40
CleanMonitor_3,2024-12-01T14:06:28.466406,Moderate,47
CleanMonitor_4,2024-12-01T14:06:28.466411,Moderate,70
CleanMonitor_1,2024-12-01T14:06:28.466416,Moderate,78
CleanMonitor_2,2024-12-01T14:06:28.466420,Poor,41
CleanMonitor_5,2024-12-01T14:06:28.466425,Moderate,92
CleanMonitor_2,2024-12-01T14:06:28.466430,Poor,5
CleanMonitor_2,2024-12-01T14:06:28.466434,Poor,0
CleanMonitor_2,2024-12-01T14:06:28.466439,Moderate,53
CleanMonitor_1,2024-12-01T14:06:28.466444,Moderate,38
CleanMonitor_4,2024-12-01T14:06:28.466448,Good,30
CleanMonitor_2,2024-12-01T14:06:28.466453,Good,49
CleanMonitor_4,2024-12-01T14:06:28.466457,Moderate,90
CleanMonitor_1,2024-12-01T14:06:28.466462,Moderate,41
CleanMonitor_3,2024-12-01T14:06:28.466467,Poor,45
CleanMonitor_3,2024-12-01T14:06:28.466471,Moderate,86
CleanMonitor_3,2024-12-01T14:06:28.466476,Moderate,21
CleanMonitor_1,2024-12-01T14:06:28.466480,Poor,17
CleanMonitor_5,2024-12-01T14:06:28.466485,Moderate,34
CleanMonitor_4,2024-12-01T14:06:28.466489,Moderate,80
CleanMonitor_5,2024-12-01T14:06:28.466494,Poor,22
CleanMonitor_5,2024-12-01T14:06:28.466498,Poor,80
CleanMonitor_2,2024-12-01T14:06:28.466503,Moderate,42
CleanMonitor_3,2024-12-01T14:06:28.466507,Good,62
CleanMonitor_2,2024-12-01T14:06:28.466512,Good,55
CleanMonitor_5,2024-12-01T14:06:28.466517,Moderate,98
CleanMonitor_2,2024-12-01T14:06:28.466521,Moderate,87
CleanMonitor_4,2024-12-01T14:06:28.466526,Good,44
CleanMonitor_1,2024-12-01T14:06:28.466530,Poor,33
CleanMonitor_4,2024-12-01T14:06:28.466535,Poor,54
CleanMonitor_5,2024-12-01T14:06:28.466539,Moderate,49
CleanMonitor_4,2024-12-01T14:06:28.466544,Poor,44
CleanMonitor_1,2024-12-01T14:06:28.466548,Moderate,66
CleanMonitor_2,2024-12-01T14:06:28.466553,Good,98
CleanMonitor_3,2024-12-01T14:06:28.466558,Moderate,71
CleanMonitor_2,2024-12-01T14:06:28.466563,Poor,60
CleanMonitor_3,2024-12-01T14:06:28.466567,Moderate,49
CleanMonitor_1,2024-12-01T14:06:28.466572,Poor,46
CleanMonitor_2,2024-12-01T14:06:28.466577,Poor,68
CleanMonitor_3,2024-12-01T14:06:28.466581,Good,67
CleanMonitor_1,2024-12-01T14:06:28.466586,Good,41
CleanMonitor_5,2024-12-01T14:06:28.466591,Good,16
CleanMonitor_1,2024-12-01T14:06:28.466595,Good,21
CleanMonitor_2,2024-12-01T14:06:28.466600,Poor,33
CleanMonitor_4,2024-12-01T14:06:28.466604,Good,81
CleanMonitor_2,2024-12-01T14:06:28.466609,Moderate,97
CleanMonitor_3,2024-12-01T14:06:28.466619,Poor,23
CleanMonitor_4,2024-12-01T14:06:28.466623,Moderate,0
CleanMonitor_2,2024-12-01T14:06:28.466628,Good,18
CleanMonitor_2,2024-12-01T14:06:28.466633,Poor,62
CleanMonitor_5,2024-12-01T14:06:28.466638,Good,85
CleanMonitor_5,2024-12-01T14:06:28.466644,Poor,20
CleanMonitor_1,2024-12-01T14:06:28.466649,Poor,46
CleanMonitor_3,2024-12-01T14:06:28.466653,Good,16
CleanMonitor_3,2024-12-01T14:06:28.466658,Poor,47
CleanMonitor_3,2024-12-01T14:06:28.466662,Moderate,71
CleanMonitor_4,2024-12-01T14:06:28.466667,Moderate,59
CleanMonitor_4,2024-12-01T14:06:28.466672,Poor,93
CleanMonitor_3,2024-12-01T14:06:28.466677,Good,45
CleanMonitor_1,2024-12-01T14:06:28.466682,Moderate,13
CleanMonitor_4,2024-12-01T14:06:28.466687,Good,75
CleanMonitor_3,2024-12-01T14:06:28.466691,Good,12
CleanMonitor_1,2024-12-01T14:06:28.466696,Good,34
CleanMonitor_1,2024-12-01T14:06:28.466700,Moderate,11
CleanMonitor_5,2024-12-01T14:06:28.466705,Good,74
CleanMonitor_1,2024-12-01T14:06:28.466709,Good,9
CleanMonitor_4,2024-12-01T14:06:28.466714,Moderate,40
CleanMonitor_2,2024-12-01T14:06:28.466718,Poor,69
CleanMonitor_3,2024-12-01T14:06:28.466723,Poor,33
CleanMonitor_3,2024-12-01T14:06:28.466728,Good,25
CleanMonitor_1,2024-12-01T14:06:28.466733,Good,68
CleanMonitor_4,2024-12-01T14:06:28.466737,Poor,59
CleanMonitor_1,2024-12-01T14:06:28.466742,Good,58
CleanMonitor_3,2024-12-01T14:06:28.466746,Good,60
CleanMonitor_2,2024-12-01T14:06:28.466751,Moderate,75
CleanMonitor_2,2024-12-01T14:06:28.466755,Moderate,93
CleanMonitor_5,2024-12-01T14:06:28.466760,Poor,57
CleanMonitor_5,2024-12-01T14:06:28.466765,Good,55
CleanMonitor_2,2024-12-01T14:06:28.466769,Poor,6
CleanMonitor_3,2024-12-01T14:06:28.466774,Good,34
CleanMonitor_1,2024-12-01T14:06:28.466778,Moderate,84
CleanMonitor_1,2024-12-01T14:06:28.466783,Good,28
CleanMonitor_1,2024-12-01T14:06:28.466787,Good,91
CleanMonitor_2,2024-12-01T14:06:28.466792,Poor,13
CleanMonitor_3,2024-12-01T14:06:28.466796,Good,38
CleanMonitor_4,2024-12-01T14:06:28.466801,Moderate,12
CleanMonitor_2,2024-12-01T14:06:28.466805,Good,85
CleanMonitor_1,2024-12-01T14:06:28.466810,Poor,11
CleanMonitor_1,2024-12-01T14:06:28.466814,Good,6
CleanMonitor_4,2024-12-01T14:06:28.466819,Poor,72
CleanMonitor_4,2024-12-01T14:06:28.466823,Poor,90
CleanMonitor_5,2024-12-01T14:06:28.466828,Moderate,4
CleanMonitor_3,2024-12-01T14:06:28.466832,Poor,91
CleanMonitor_5,2024-12-01T14:06:28.466837,Poor,28
CleanMonitor_2,2024-12-01T14:06:28.466841,Poor,13
CleanMonitor_1,2024-12-01T14:06:28.466846,Poor,61
CleanMonitor_3,2024-12-01T14:06:28.466850,Good,12
CleanMonitor_2,2024-12-01T14:06:28.466855,Good,93
CleanMonitor_4,2024-12-01T14:06:28.466859,Poor,4
CleanMonitor_1,2024-12-01T14:06:28.466864,Good,13
CleanMonitor_3,2024-12-01T14:06:28.466868,Moderate,89
CleanMonitor_3,2024-12-01T14:06:28.466873,Poor,20
CleanMonitor_3,2024-12-01T14:06:28.466878,Good,24
CleanMonitor_2,2024-12-01T14:06:28.466883,Poor,68
CleanMonitor_3,2024-12-01T14:06:28.466888,Poor,67
CleanMonitor_3,2024-12-01T14:06:28.466893,Moderate,52
CleanMonitor_1,2024-12-01T14:06:28.466897,Moderate,50
CleanMonitor_4,2024-12-01T14:06:28.466902,Poor,82
CleanMonitor_1,2024-12-01T14:06:28.466906,Good,69
CleanMonitor_4,2024-12-01T14:06:28.466911,Good,68
CleanMonitor_1,2024-12-01T14:06:28.466915,Good,21
CleanMonitor_5,2024-12-01T14:06:28.466920,Good,27
CleanMonitor_5,2024-12-01T14:06:28.466925,Poor,65
CleanMonitor_4,2024-12-01T14:06:28.466929,Good,66
CleanMonitor_3,2024-12-01T14:06:28.466934,Good,26
CleanMonitor_4,2024-12-01T14:06:28.466938,Moderate,87
CleanMonitor_2,2024-12-01T14:06:28.466943,Poor,55
CleanMonitor_1,2024-12-01T14:06:28.466947,Moderate,56
CleanMonitor_1,2024-12-01T14:06:28.466952,Poor,27
CleanMonitor_3,2024-12-01T14:06:28.466957,Good,51
CleanMonitor_5,2024-12-01T14:06:28.466961,Moderate,35
CleanMonitor_1,2024-12-01T14:06:28.466966,Poor,50
CleanMonitor_1,2024-12-01T14:06:28.466970,Good,16
CleanMonitor_5,2024-12-01T14:06:28.466975,Good,94
CleanMonitor_4,2024-12-01T14:06:28.466979,Poor,88
CleanMonitor_4,2024-12-01T14:06:28.466984,Good,11
CleanMonitor_5,2024-12-01T14:06:28.466989,Good,15
CleanMonitor_4,2024-12-01T14:06:28.466994,Poor,95
CleanMonitor_4,2024-12-01T14:06:28.466998,Moderate,50
CleanMonitor_1,2024-12-01T14:06:28.467003,Good,23
CleanMonitor_4,2024-12-01T14:06:28.467007,Moderate,32
CleanMonitor_3,2024-12-01T14:06:28.467012,Moderate,71
CleanMonitor_1,2024-12-01T14:06:28.467017,Good,56
CleanMonitor_3,2024-12-01T14:06:28.467021,Good,73
CleanMonitor_5,2024-12-01T14:06:28.467026,Moderate,57
CleanMonitor_5,2024-12-01T14:06:28.467031,Moderate,66
CleanMonitor_5,2024-12-01T14:06:28.467035,Moderate,66
CleanMonitor_4,2024-12-01T14:06:28.467040,Poor,87
CleanMonitor_2,2024-12-01T14:06:28.467044,Poor,98
CleanMonitor_5,2024-12-01T14:06:28.467049,Poor,67
CleanMonitor_3,2024-12-01T14:06:28.467053,Poor,63
CleanMonitor_4,2024-12-01T14:06:28.467058,Poor,56
CleanMonitor_4,2024-12-01T14:06:28.467062,Moderate,98
CleanMonitor_2,2024-12-01T14:06:28.467067,Moderate,83
CleanMonitor_1,2024-12-01T14:06:28.467071,Poor,48
CleanMonitor_2,2024-12-01T14:06:28.467076,Moderate,18
CleanMonitor_4,2024-12-01T14:06:28.467080,Good,24
CleanMonitor_2,2024-12-01T14:06:28.467085,Good,23
CleanMonitor_4,2024-12-01T14:06:28.467089,Good,95
CleanMonitor_2,2024-12-01T14:06:28.467094,Good,86
CleanMonitor_2,2024-12-01T14:06:28.467098,Poor,42
CleanMonitor_5,2024-12-01T14:06:28.467103,Moderate,63
CleanMonitor_4,2024-12-01T14:06:28.467108,Good,71
CleanMonitor_1,2024-12-01T14:06:28.467112,Moderate,84
CleanMonitor_5,2024-12-01T14:06:28.467116,Moderate,79
CleanMonitor_3,2024-12-01T14:06:28.467121,Poor,34
CleanMonitor_3,2024-12-01T14:06:28.467126,Moderate,83
CleanMonitor_1,2024-12-01T14:06:28.467130,Moderate,23
CleanMonitor_3,2024-12-01T14:06:28.467134,Good,96
CleanMonitor_3,2024-12-01T14:06:28.467139,Good,87
CleanMonitor_1,2024-12-01T14:06:28.467143,Poor,97
CleanMonitor_3,2024-12-01T14:06:28.467148,Good,7
CleanMonitor_4,2024-12-01T14:06:28.467153,Poor,86
CleanMonitor_5,2024-12-01T14:06:28.467157,Moderate,47
CleanMonitor_4,2024-12-01T14:06:28.467162,Moderate,53
CleanMonitor_1,2024-12-01T14:06:28.467166,Moderate,38
CleanMonitor_5,2024-12-01T14:06:28.467171,Moderate,83
CleanMonitor_1,2024-12-01T14:06:28.467175,Good,18
CleanMonitor_5,2024-12-01T14:06:28.467180,Good,55
CleanMonitor_5,2024-12-01T14:06:28.467184,Poor,73
CleanMonitor_4,2024-12-01T14:06:28.467189,Moderate,64
CleanMonitor_4,2024-12-01T14:06:28.467193,Moderate,81
CleanMonitor_3,2024-12-01T14:06:28.467198,Moderate,99
CleanMonitor_5,2024-12-01T14:06:28.467203,Good,54
CleanMonitor_1,2024-12-01T14:06:28.467207,Moderate,40
CleanMonitor_2,2024-12-01T14:06:28.467212,Good,23
CleanMonitor_2,2024-12-01T14:06:28.467216,Moderate,83
CleanMonitor_5,2024-12-01T14:06:28.467221,Poor,70
CleanMonitor_2,2024-12-01T14:06:28.467225,Good,24
CleanMonitor_5,2024-12-01T14:06:28.467230,Moderate,89
CleanMonitor_2,2024-12-01T14:06:28.467235,Good,100
CleanMonitor_5,2024-12-01T14:06:28.467239,Good,93
CleanMonitor_5,2024-12-01T14:06:28.467244,Good,1
CleanMonitor_2,2024-12-01T14:06:28.467248,Poor,76
CleanMonitor_5,2024-12-01T14:06:28.467253,Moderate,8
CleanMonitor_4,2024-12-01T14:06:28.467257,Good,84
CleanMonitor_4,2024-12-01T14:06:28.467262,Poor,52
CleanMonitor_3,2024-12-01T14:06:28.467266,Moderate,63
CleanMonitor_5,2024-12-01T14:06:28.467271,Moderate,100
CleanMonitor_3,2024-12-01T14:06:28.467276,Poor,46
CleanMonitor_1,2024-12-01T14:06:28.467280,Poor,5
CleanMonitor_4,2024-12-01T14:06:28.467285,Moderate,62
CleanMonitor_1,2024-12-01T14:06:28.467289,Moderate,99
CleanMonitor_1,2024-12-01T14:06:28.467294,Poor,6
CleanMonitor_2,2024-12-01T14:06:28.467298,Moderate,83
CleanMonitor_4,2024-12-01T14:06:28.467303,Moderate,26
CleanMonitor_4,2024-12-01T14:06:28.467316,Poor,12
CleanMonitor_3,2024-12-01T14:06:28.467321,Moderate,48
CleanMonitor_1,2024-12-01T14:06:28.467326,Good,99
CleanMonitor_3,2024-12-01T14:06:28.467331,Good,74
CleanMonitor_5,2024-12-01T14:06:28.467335,Good,15
CleanMonitor_5,2024-12-01T14:06:28.467340,Moderate,40
CleanMonitor_4,2024-12-01T14:06:28.467345,Poor,69
CleanMonitor_1,2024-12-01T14:06:28.467349,Moderate,97
CleanMonitor_2,2024-12-01T14:06:28.467354,Moderate,59
CleanMonitor_5,2024-12-01T14:06:28.467359,Moderate,67
CleanMonitor_5,2024-12-01T14:06:28.467363,Poor,67
CleanMonitor_4,2024-12-01T14:06:28.467368,Good,6
CleanMonitor_4,2024-12-01T14:06:28.467372,Moderate,75
CleanMonitor_2,2024-12-01T14:06:28.467377,Poor,77
CleanMonitor_5,2024-12-01T14:06:28.467381,Good,58
CleanMonitor_2,2024-12-01T14:06:28.467386,Moderate,72
CleanMonitor_5,2024-12-01T14:06:28.467390,Good,78
CleanMonitor_5,2024-12-01T14:06:28.467395,Good,49
CleanMonitor_1,2024-12-01T14:06:28.467399,Good,89
CleanMonitor_2,2024-12-01T14:06:28.467404,Good,55
CleanMonitor_3,2024-12-01T14:06:28.467408,Good,80
CleanMonitor_5,2024-12-01T14:06:28.467413,Good,40
CleanMonitor_2,2024-12-01T14:06:28.467418,Good,51
CleanMonitor_3,2024-12-01T14:06:28.467422,Moderate,29
CleanMonitor_5,2024-12-01T14:06:28.467427,Good,84
CleanMonitor_3,2024-12-01T14:06:28.467431,Poor,47
CleanMonitor_3,2024-12-01T14:06:28.467436,Good,8
CleanMonitor_5,2024-12-01T14:06:28.467440,Poor,74
CleanMonitor_3,2024-12-01T14:06:28.467445,Good,97
CleanMonitor_1,2024-12-01T14:06:28.467449,Poor,99
CleanMonitor_4,2024-12-01T14:06:28.467454,Good,15
CleanMonitor_4,2024-12-01T14:06:28.467458,Poor,36
CleanMonitor_5,2024-12-01T14:06:28.467463,Good,67
CleanMonitor_2,2024-12-01T14:06:28.467467,Moderate,19
CleanMonitor_1,2024-12-01T14:06:28.467472,Poor,10
CleanMonitor_1,2024-12-01T14:06:28.467477,Moderate,80
CleanMonitor_5,2024-12-01T14:06:28.467481,Moderate,9
CleanMonitor_5,2024-12-01T14:06:28.467486,Moderate,85
CleanMonitor_3,2024-12-01T14:06:28.467490,Good,81
CleanMonitor_3,2024-12-01T14:06:28.467495,Poor,32
CleanMonitor_1,2024-12-01T14:06:28.467499,Moderate,35
CleanMonitor_2,2024-12-01T14:06:28.467504,Moderate,69
CleanMonitor_2,2024-12-01T14:06:28.467508,Good,31
CleanMonitor_5,2024-12-01T14:06:28.467513,Poor,38
CleanMonitor_2,2024-12-01T14:06:28.467518,Good,92
CleanMonitor_4,2024-12-01T14:06:28.467522,Moderate,86
CleanMonitor_4,2024-12-01T14:06:28.467527,Moderate,2
CleanMonitor_5,2024-12-01T14:06:28.467532,Poor,90
CleanMonitor_5,2024-12-01T14:06:28.467536,Poor,58
CleanMonitor_4,2024-12-01T14:06:28.467541,Poor,80
CleanMonitor_5,2024-12-01T14:06:28.467545,Moderate,82
CleanMonitor_1,2024-12-01T14:06:28.467550,Moderate,94
CleanMonitor_4,2024-12-01T14:06:28.467554,Good,56
CleanMonitor_2,2024-12-01T14:06:28.467559,Good,22
CleanMonitor_2,2024-12-01T14:06:28.467563,Poor,29
CleanMonitor_3,2024-12-01T14:06:28.467568,Good,34
CleanMonitor_4,2024-12-01T14:06:28.467572,Moderate,29
CleanMonitor_4,2024-12-01T14:06:28.467577,Poor,0
CleanMonitor_3,2024-12-01T14:06:28.467581,Moderate,67
CleanMonitor_1,2024-12-01T14:06:28.467587,Moderate,66
CleanMonitor_1,2024-12-01T14:06:28.467592,Poor,15
CleanMonitor_3,2024-12-01T14:06:28.467596,Good,42
CleanMonitor_5,2024-12-01T14:06:28.467601,Moderate,81
CleanMonitor_1,2024-12-01T14:06:28.467605,Moderate,78
CleanMonitor_5,2024-12-01T14:06:28.467614,Good,70
CleanMonitor_1,2024-12-01T14:06:28.467619,Moderate,29
CleanMonitor_5,2024-12-01T14:06:28.467623,Moderate,6
CleanMonitor_1,2024-12-01T14:06:28.467628,Good,99
CleanMonitor_5,2024-12-01T14:06:28.467633,Good,79
CleanMonitor_5,2024-12-01T14:06:28.467638,Poor,82
CleanMonitor_4,2024-12-01T14:06:28.467642,Poor,65
CleanMonitor_2,2024-12-01T14:06:28.467647,Good,82
CleanMonitor_2,2024-12-01T14:06:28.467651,Good,98
CleanMonitor_5,2024-12-01T14:06:28.467656,Good,92
CleanMonitor_1,2024-12-01T14:06:28.467660,Good,84
CleanMonitor_5,2024-12-01T14:06:28.467665,Poor,35
CleanMonitor_3,2024-12-01T14:06:28.467670,Poor,84
CleanMonitor_1,2024-12-01T14:06:28.467674,Poor,45
CleanMonitor_5,2024-12-01T14:06:28.467679,Poor,75
CleanMonitor_1,2024-12-01T14:06:28.467683,Poor,3
CleanMonitor_4,2024-12-01T14:06:28.467688,Good,8
CleanMonitor_2,2024-12-01T14:06:28.467692,Good,11
CleanMonitor_2,2024-12-01T14:06:28.467697,Poor,87
CleanMonitor_1,2024-12-01T14:06:28.467701,Poor,92
CleanMonitor_3,2024-12-01T14:06:28.467706,Moderate,88
CleanMonitor_2,2024-12-01T14:06:28.467710,Good,68
CleanMonitor_1,2024-12-01T14:06:28.467715,Poor,44
CleanMonitor_5,2024-12-01T14:06:28.467719,Poor,10
CleanMonitor_5,2024-12-01T14:06:28.467724,Moderate,67
CleanMonitor_2,2024-12-01T14:06:28.467728,Good,88
CleanMonitor_5,2024-12-01T14:06:28.467732,Good,99
CleanMonitor_3,2024-12-01T14:06:28.467737,Poor,70
CleanMonitor_4,2024-12-01T14:06:28.467742,Moderate,85
CleanMonitor_2,2024-12-01T14:06:28.467746,Good,42
CleanMonitor_3,2024-12-01T14:06:28.467750,Moderate,88
CleanMonitor_3,2024-12-01T14:06:28.467755,Moderate,12
CleanMonitor_2,2024-12-01T14:06:28.467759,Good,80
CleanMonitor_1,2024-12-01T14:06:28.467764,Good,11
CleanMonitor_4,2024-12-01T14:06:28.467769,Good,23
CleanMonitor_5,2024-12-01T14:06:28.467773,Moderate,18
CleanMonitor_3,2024-12-01T14:06:28.467778,Moderate,70
CleanMonitor_3,2024-12-01T14:06:28.467782,Poor,0
CleanMonitor_1,2024-12-01T14:06:28.467787,Moderate,86
CleanMonitor_5,2024-12-01T14:06:28.467792,Moderate,25
CleanMonitor_2,2024-12-01T14:06:28.467796,Good,46
CleanMonitor_4,2024-12-01T14:06:28.467800,Good,96
CleanMonitor_1,2024-12-01T14:06:28.467805,Good,10
CleanMonitor_2,2024-12-01T14:06:28.467809,Moderate,0
CleanMonitor_2,2024-12-01T14:06:28.467814,Moderate,100
CleanMonitor_2,2024-12-01T14:06:28.467818,Poor,97
CleanMonitor_1,2024-12-01T14:06:28.467823,Moderate,59
CleanMonitor_1,2024-12-01T14:06:28.467827,Poor,45
CleanMonitor_2,2024-12-01T14:06:28.467832,Moderate,1
CleanMonitor_1,2024-12-01T14:06:28.467836,Good,48
CleanMonitor_2,2024-12-01T14:06:28.467841,Good,23
CleanMonitor_5,2024-12-01T14:06:28.467846,Moderate,21
CleanMonitor_1,2024-12-01T14:06:28.467850,Good,87
CleanMonitor_3,2024-12-01T14:06:28.467854,Moderate,82
CleanMonitor_2,2024-12-01T14:06:28.467859,Moderate,11
CleanMonitor_1,2024-12-01T14:06:28.467863,Poor,16
CleanMonitor_4,2024-12-01T14:06:28.467868,Moderate,42
CleanMonitor_3,2024-12-01T14:06:28.467872,Moderate,64
CleanMonitor_4,2024-12-01T14:06:28.467877,Poor,30
CleanMonitor_1,2024-12-01T14:06:28.467881,Moderate,74
CleanMonitor_1,2024-12-01T14:06:28.467886,Good,41
CleanMonitor_2,2024-12-01T14:06:28.467890,Good,94
CleanMonitor_1,2024-12-01T14:06:28.467894,Good,63
CleanMonitor_5,2024-12-01T14:06:28.467899,Moderate,57
CleanMonitor_1,2024-12-01T14:06:28.467903,Good,4
CleanMonitor_1,2024-12-01T14:06:28.467908,Poor,100
CleanMonitor_4,2024-12-01T14:06:28.467912,Good,55
CleanMonitor_3,2024-12-01T14:06:28.467917,Good,88
CleanMonitor_5,2024-12-01T14:06:28.467921,Good,41
CleanMonitor_4,2024-12-01T14:06:28.467926,Good,19
CleanMonitor_1,2024-12-01T14:06:28.467930,Moderate,78
CleanMonitor_3,2024-12-01T14:06:28.467935,Good,22
CleanMonitor_4,2024-12-01T14:06:28.467940,Moderate,48
CleanMonitor_5,2024-12-01T14:06:28.467945,Good,22
CleanMonitor_4,2024-12-01T14:06:28.467949,Moderate,32
CleanMonitor_3,2024-12-01T14:06:28.467954,Good,69
CleanMonitor_1,2024-12-01T14:06:28.467958,Poor,71
CleanMonitor_5,2024-12-01T14:06:28.467963,Poor,58
CleanMonitor_1,2024-12-01T14:06:28.467967,Moderate,40
CleanMonitor_4,2024-12-01T14:06:28.467972,Moderate,91
CleanMonitor_3,2024-12-01T14:06:28.467976,Poor,78
CleanMonitor_2,2024-12-01T14:06:28.467981,Moderate,86
CleanMonitor_5,2024-12-01T14:06:28.467985,Good,3
CleanMonitor_3,2024-12-01T14:06:28.467990,Good,45
CleanMonitor_3,2024-12-01T14:06:28.467994,Moderate,65
CleanMonitor_3,2024-12-01T14:06:28.467998,Moderate,40
CleanMonitor_1,2024-12-01T14:06:28.468003,Good,23
CleanMonitor_2,2024-12-01T14:06:28.468007,Moderate,23
CleanMonitor_2,2024-12-01T14:06:28.468012,Poor,27
CleanMonitor_1,2024-12-01T14:06:28.468017,Good,7
CleanMonitor_2,2024-12-01T14:06:28.468022,Poor,56
CleanMonitor_2,2024-12-01T14:06:28.468026,Poor,76
CleanMonitor_3,2024-12-01T14:06:28.468031,Good,22
CleanMonitor_1,2024-12-01T14:06:28.468035,Good,50
CleanMonitor_5,2024-12-01T14:06:28.468039,Good,45
CleanMonitor_3,2024-12-01T14:06:28.468044,Poor,70
CleanMonitor_5,2024-12-01T14:06:28.468049,Good,58
CleanMonitor_1,2024-12-01T14:06:28.468054,Moderate,56
CleanMonitor_1,2024-12-01T14:06:28.468058,Good,72
CleanMonitor_1,2024-12-01T14:06:28.468063,Moderate,51
CleanMonitor_4,2024-12-01T14:06:28.468068,Poor,41
CleanMonitor_3,2024-12-01T14:06:28.468072,Moderate,53
CleanMonitor_5,2024-12-01T14:06:28.468077,Good,57
CleanMonitor_5,2024-12-01T14:06:28.468081,Good,4
CleanMonitor_4,2024-12-01T14:06:28.468086,Moderate,19
CleanMonitor_4,2024-12-01T14:06:28.468090,Poor,24
CleanMonitor_5,2024-12-01T14:06:28.468095,Poor,46
CleanMonitor_2,2024-12-01T14:06:28.468099,Moderate,50
CleanMonitor_5,2024-12-01T14:06:28.468104,Moderate,56
CleanMonitor_2,2024-12-01T14:06:28.468108,Moderate,83
CleanMonitor_1,2024-12-01T14:06:28.468113,Poor,75
CleanMonitor_5,2024-12-01T14:06:28.468118,Poor,15
CleanMonitor_3,2024-12-01T14:06:28.468122,Moderate,10
CleanMonitor_2,2024-12-01T14:06:28.468126,Poor,94
CleanMonitor_1,2024-12-01T14:06:28.468131,Poor,52
CleanMonitor_1,2024-12-01T14:06:28.468135,Good,8
CleanMonitor_4,2024-12-01T14:06:28.468140,Moderate,50
CleanMonitor_4,2024-12-01T14:06:28.468144,Moderate,81
CleanMonitor_5,2024-12-01T14:06:28.468148,Poor,36
CleanMonitor_1,2024-12-01T14:06:28.468153,Good,37
CleanMonitor_3,2024-12-01T14:06:28.468158,Moderate,48
CleanMonitor_4,2024-12-01T14:06:28.468162,Moderate,31
CleanMonitor_1,2024-12-01T14:06:28.468167,Moderate,86
CleanMonitor_1,2024-12-01T14:06:28.468171,Poor,69
CleanMonitor_5,2024-12-01T14:06:28.468176,Poor,72
CleanMonitor_1,2024-12-01T14:06:28.468180,Moderate,1
CleanMonitor_1,2024-12-01T14:06:28.468185,Poor,21
CleanMonitor_1,2024-12-01T14:06:28.468189,Poor,44
CleanMonitor_1,2024-12-01T14:06:28.468194,Moderate,65
CleanMonitor_3,2024-12-01T14:06:28.468199,Moderate,24
CleanMonitor_1,2024-12-01T14:06:28.468203,Good,9
CleanMonitor_1,2024-12-01T14:06:28.468208,Moderate,20
CleanMonitor_5,2024-12-01T14:06:28.468212,Good,16
CleanMonitor_3,2024-12-01T14:06:28.468217,Poor,97
CleanMonitor_5,2024-12-01T14:06:28.468221,Good,66
CleanMonitor_4,2024-12-01T14:06:28.468226,Good,13
CleanMonitor_1,2024-12-01T14:06:28.468231,Good,7
CleanMonitor_3,2024-12-01T14:06:28.468235,Good,5
CleanMonitor_4,2024-12-01T14:06:28.468240,Good,17
CleanMonitor_5,2024-12-01T14:06:28.468244,Good,95
CleanMonitor_5,2024-12-01T14:06:28.468248,Moderate,18
CleanMonitor_5,2024-12-01T14:06:28.468253,Moderate,90
CleanMonitor_1,2024-12-01T14:06:28.468258,Moderate,39
CleanMonitor_4,2024-12-01T14:06:28.468262,Good,46
CleanMonitor_5,2024-12-01T14:06:28.468267,Moderate,81
CleanMonitor_3,2024-12-01T14:06:28.468271,Moderate,87
CleanMonitor_1,2024-12-01T14:06:28.468276,Good,47
CleanMonitor_3,2024-12-01T14:06:28.468281,Moderate,57
CleanMonitor_5,2024-12-01T14:06:28.468285,Good,46
CleanMonitor_2,2024-12-01T14:06:28.468290,Moderate,66
CleanMonitor_2,2024-12-01T14:06:28.468294,Good,46
CleanMonitor_5,2024-12-01T14:06:28.468299,Good,11
CleanMonitor_3,2024-12-01T14:06:28.468303,Moderate,73
CleanMonitor_3,2024-12-01T14:06:28.468316,Poor,82
CleanMonitor_2,2024-12-01T14:06:28.468320,Moderate,71
CleanMonitor_5,2024-12-01T14:06:28.468325,Moderate,2
CleanMonitor_1,2024-12-01T14:06:28.468329,Good,26
CleanMonitor_1,2024-12-01T14:06:28.468333,Good,15
CleanMonitor_2,2024-12-01T14:06:28.468338,Poor,15
CleanMonitor_1,2024-12-01T14:06:28.468343,Poor,92
CleanMonitor_4,2024-12-01T14:06:28.468347,Poor,36
CleanMonitor_5,2024-12-01T14:06:28.468352,Poor,82
CleanMonitor_4,2024-12-01T14:06:28.468356,Good,52
CleanMonitor_5,2024-12-01T14:06:28.468361,Good,88
CleanMonitor_1,2024-12-01T14:06:28.468366,Moderate,76
CleanMonitor_2,2024-12-01T14:06:28.468370,Good,58
CleanMonitor_2,2024-12-01T14:06:28.468375,Poor,40
CleanMonitor_3,2024-12-01T14:06:28.468379,Good,42
CleanMonitor_1,2024-12-01T14:06:28.468383,Poor,63
CleanMonitor_4,2024-12-01T14:06:28.468388,Good,58
CleanMonitor_4,2024-12-01T14:06:28.468392,Poor,15
CleanMonitor_4,2024-12-01T14:06:28.468397,Good,77
CleanMonitor_1,2024-12-01T14:06:28.468401,Moderate,6
CleanMonitor_2,2024-12-01T14:06:28.468406,Poor,10
CleanMonitor_2,2024-12-01T14:06:28.468410,Moderate,81
CleanMonitor_4,2024-12-01T14:06:28.468415,Good,16
CleanMonitor_1,2024-12-01T14:06:28.468419,Moderate,9
CleanMonitor_1,2024-12-01T14:06:28.468424,Moderate,40
CleanMonitor_1,2024-12-01T14:06:28.468428,Poor,54
CleanMonitor_2,2024-12-01T14:06:28.468433,Good,91
CleanMonitor_3,2024-12-01T14:06:28.468437,Good,98
CleanMonitor_2,2024-12-01T14:06:28.468441,Good,40
CleanMonitor_5,2024-12-01T14:06:28.468446,Poor,61
CleanMonitor_5,2024-12-01T14:06:28.468450,Poor,18
CleanMonitor_3,2024-12-01T14:06:28.468455,Moderate,20
CleanMonitor_2,2024-12-01T14:06:28.468459,Poor,81
CleanMonitor_5,2024-12-01T14:06:28.468464,Good,13
CleanMonitor_2,2024-12-01T14:06:28.468468,Moderate,70
CleanMonitor_1,2024-12-01T14:06:28.468473,Poor,67
CleanMonitor_3,2024-12-01T14:06:28.468478,Poor,55
CleanMonitor_1,2024-12-01T14:06:28.468483,Moderate,60
CleanMonitor_3,2024-12-01T14:06:28.468487,Moderate,48
CleanMonitor_5,2024-12-01T14:06:28.468492,Good,58
CleanMonitor_2,2024-12-01T14:06:28.468496,Poor,48
CleanMonitor_4,2024-12-01T14:06:28.468501,Good,82
CleanMonitor_3,2024-12-01T14:06:28.468505,Poor,23
CleanMonitor_1,2024-12-01T14:06:28.468510,Good,40
CleanMonitor_1,2024-12-01T14:06:28.468514,Poor,19
CleanMonitor_1,2024-12-01T14:06:28.468519,Moderate,40
CleanMonitor_1,2024-12-01T14:06:28.468524,Good,20
CleanMonitor_5,2024-12-01T14:06:28.468529,Poor,96
CleanMonitor_3,2024-12-01T14:06:28.468533,Poor,72
CleanMonitor_2,2024-12-01T14:06:28.468538,Good,8
CleanMonitor_3,2024-12-01T14:06:28.468542,Moderate,18
CleanMonitor_4,2024-12-01T14:06:28.468546,Moderate,88
CleanMonitor_5,2024-12-01T14:06:28.468551,Moderate,28
CleanMonitor_4,2024-12-01T14:06:28.468555,Poor,24
CleanMonitor_5,2024-12-01T14:06:28.468560,Moderate,59
CleanMonitor_2,2024-12-01T14:06:28.468565,Moderate,19
CleanMonitor_2,2024-12-01T14:06:28.468569,Good,87
CleanMonitor_5,2024-12-01T14:06:28.468574,Moderate,36
CleanMonitor_1,2024-12-01T14:06:28.468579,Good,7
CleanMonitor_1,2024-12-01T14:06:28.468583,Good,68
CleanMonitor_2,2024-12-01T14:06:28.468588,Moderate,1
CleanMonitor_4,2024-12-01T14:06:28.468592,Good,89
CleanMonitor_3,2024-12-01T14:06:28.468597,Moderate,16
CleanMonitor_5,2024-12-01T14:06:28.468601,Good,75
CleanMonitor_5,2024-12-01T14:06:28.468606,Poor,65
CleanMonitor_3,2024-12-01T14:06:28.468614,Good,89
CleanMonitor_5,2024-12-01T14:06:28.468619,Good,28
CleanMonitor_2,2024-12-01T14:06:28.468624,Poor,14
CleanMonitor_3,2024-12-01T14:06:28.468628,Poor,73
CleanMonitor_1,2024-12-01T14:06:28.468633,Good,34
CleanMonitor_4,2024-12-01T14:06:28.468637,Moderate,61
CleanMonitor_3,2024-12-01T14:06:28.468642,Good,70
CleanMonitor_2,2024-12-01T14:06:28.468647,Moderate,69
CleanMonitor_4,2024-12-01T14:06:28.468651,Good,61
CleanMonitor_2,2024-12-01T14:06:28.468656,Poor,11
CleanMonitor_5,2024-12-01T14:06:28.468660,Moderate,77
CleanMonitor_4,2024-12-01T14:06:28.468665,Poor,68
CleanMonitor_2,2024-12-01T14:06:28.468669,Poor,63
CleanMonitor_2,2024-12-01T14:06:28.468674,Poor,79
CleanMonitor_5,2024-12-01T14:06:28.468678,Good,37
CleanMonitor_4,2024-12-01T14:06:28.468683,Moderate,50
CleanMonitor_1,2024-12-01T14:06:28.468688,Good,84
CleanMonitor_2,2024-12-01T14:06:28.468693,Good,13
CleanMonitor_3,2024-12-01T14:06:28.468698,Good,59
CleanMonitor_2,2024-12-01T14:06:28.468702,Poor,23
CleanMonitor_5,2024-12-01T14:06:28.468707,Poor,54
CleanMonitor_1,2024-12-01T14:06:28.468712,Poor,18
CleanMonitor_3,2024-12-01T14:06:28.468716,Good,11
CleanMonitor_1,2024-12-01T14:06:28.468721,Moderate,40
CleanMonitor_4,2024-12-01T14:06:28.468725,Poor,28
CleanMonitor_1,2024-12-01T14:06:28.468730,Moderate,75
CleanMonitor_4,2024-12-01T14:06:28.468734,Poor,74
CleanMonitor_5,2024-12-01T14:06:28.468739,Poor,99
CleanMonitor_4,2024-12-01T14:06:28.468744,Moderate,74
CleanMonitor_3,2024-12-01T14:06:28.468748,Poor,60
CleanMonitor_4,2024-12-01T14:06:28.468752,Moderate,10
CleanMonitor_4,2024-12-01T14:06:28.468758,Moderate,69
CleanMonitor_5,2024-12-01T14:06:28.468762,Good,39
CleanMonitor_5,2024-12-01T14:06:28.468766,Moderate,44
CleanMonitor_2,2024-12-01T14:06:28.468771,Good,62
CleanMonitor_5,2024-12-01T14:06:28.468775,Poor,64
CleanMonitor_1,2024-12-01T14:06:28.468780,Good,81
CleanMonitor_5,2024-12-01T14:06:28.468784,Good,18
CleanMonitor_4,2024-12-01T14:06:28.468789,Moderate,88
CleanMonitor_3,2024-12-01T14:06:28.468794,Good,87
CleanMonitor_1,2024-12-01T14:06:28.468798,Good,0
CleanMonitor_5,2024-12-01T14:06:28.468802,Moderate,96
CleanMonitor_3,2024-12-01T14:06:28.468807,Moderate,70
CleanMonitor_2,2024-12-01T14:06:28.468811,Good,83
CleanMonitor_4,2024-12-01T14:06:28.468816,Poor,99
CleanMonitor_2,2024-12-01T14:06:28.468820,Good,20
CleanMonitor_2,2024-12-01T14:06:28.468825,Good,36
CleanMonitor_3,2024-12-01T14:06:28.468829,Moderate,17
CleanMonitor_4,2024-12-01T14:06:28.468834,Moderate,27
CleanMonitor_4,2024-12-01T14:06:28.468838,Good,44
CleanMonitor_1,2024-12-01T14:06:28.468843,Good,64
CleanMonitor_2,2024-12-01T14:06:28.468847,Moderate,8
CleanMonitor_1,2024-12-01T14:06:28.468852,Good,68
CleanMonitor_4,2024-12-01T14:06:28.468856,Moderate,41
CleanMonitor_4,2024-12-01T14:06:28.468861,Good,100
CleanMonitor_4,2024-12-01T14:06:28.468865,Good,59
CleanMonitor_5,2024-12-01T14:06:28.468870,Moderate,16
CleanMonitor_5,2024-12-01T14:06:28.468874,Moderate,17
